{
    "loss": 0.048390693962574005,
    "accuracy": 0.9890109896659851
}